predictions_0,predictions_1,predictions_2,predictions_3,predictions_4,pred_avg,pred_std,Final Material
881.05505,1034.4651,1037.8364,990.0915,932.6527,975.2201,60.549103,Original
836.56757,897.55054,905.9077,910.3855,847.2977,879.5418,31.16817,Variation 1_no PC wash
850.1193,983.1671,1004.8561,940.6354,867.24335,929.2042,61.4157,"Variation 2_TEOS, EtOH, no PC wash"
829.90076,961.8482,948.40765,901.72455,851.587,898.69366,51.808624,"Variation 3_TEOS, no PC wash"
