predictions_0,predictions_1,predictions_2,predictions_3,predictions_4,pred_avg,pred_std,Final Material
971.1145,1016.5055,924.02734,982.4942,857.66534,950.36145,54.99871,Original
919.6256,870.0636,941.82947,863.6089,809.96106,881.0177,46.175205,Variation 1_no PC wash
935.7674,888.76434,967.06506,877.3515,820.1385,897.8174,50.537643,"Variation 2_TEOS, EtOH, no PC wash"
901.58154,874.4831,933.0021,861.9876,807.43164,875.69727,41.9606,"Variation 3_TEOS, no PC wash"
