{"seed": 1180754, "y_column": "Surface Area (m2/g)", "epochs": [100], "num_of_trials": 30, "param_gird": {"n_hidden": [0, 1, 2, 3, 4, 5, 6, 7, 8, 9], "neurons": [10, 20, 30, 40, 50, 60, 70, 80, 90, 100, 110, 120, 130, 140, 150, 160, 170, 180, 190], "drop": [0.15, 0.16999999999999998, 0.18999999999999997, 0.20999999999999996, 0.22999999999999995, 0.24999999999999994, 0.2699999999999999, 0.2899999999999999, 0.30999999999999994, 0.3299999999999999, 0.34999999999999987, 0.3699999999999999, 0.3899999999999999]}, "keras_best_params": {"epochs": 100, "n_hidden_layers": 2, "n_neurons": [50, 190], "dropout": [0.20999999999999996, 0.16999999999999998]}, "dataset": "si"}